clip_name,recorder,conf_bin,model_confidence,birdnet_confidence,human_activity_score,audio_file,spectrogram_file,category,notes
Audio_Moth_1_20250318_072430.wav,Audio_Moth_1,low,0.4903889298439026,0.0,0.0,audio/Audio_Moth_1_low_Audio_Moth_1_20250318_072430.wav,spectrograms/Audio_Moth_1_low_Audio_Moth_1_20250318_072430.png,faint-bird,
Audio_Moth_1_20250320_043227.wav,Audio_Moth_1,low,0.47125905752182,0.0,0.0,audio/Audio_Moth_1_low_Audio_Moth_1_20250320_043227.wav,spectrograms/Audio_Moth_1_low_Audio_Moth_1_20250320_043227.png,faint-bird,
Audio_Moth_1_20250318_164327.wav,Audio_Moth_1,low,0.4618041217327118,0.0,0.0,audio/Audio_Moth_1_low_Audio_Moth_1_20250318_164327.wav,spectrograms/Audio_Moth_1_low_Audio_Moth_1_20250318_164327.png,faint-bird,
Audio_Moth_1_20250320_150239.wav,Audio_Moth_1,low,0.4410719871520996,0.0,0.0,audio/Audio_Moth_1_low_Audio_Moth_1_20250320_150239.wav,spectrograms/Audio_Moth_1_low_Audio_Moth_1_20250320_150239.png,faint-bird,
Audio_Moth_1_20250320_051836.wav,Audio_Moth_1,low,0.4260667264461517,0.0,0.0,audio/Audio_Moth_1_low_Audio_Moth_1_20250320_051836.wav,spectrograms/Audio_Moth_1_low_Audio_Moth_1_20250320_051836.png,faint-bird,
Audio_Moth_1_20250318_101057.wav,Audio_Moth_1,low,0.4235826432704925,0.0,0.0,audio/Audio_Moth_1_low_Audio_Moth_1_20250318_101057.wav,spectrograms/Audio_Moth_1_low_Audio_Moth_1_20250318_101057.png,faint-bird,
Audio_Moth_1_20250319_204033.wav,Audio_Moth_1,low,0.4056159257888794,0.0,0.0,audio/Audio_Moth_1_low_Audio_Moth_1_20250319_204033.wav,spectrograms/Audio_Moth_1_low_Audio_Moth_1_20250319_204033.png,faint-bird,
Audio_Moth_1_20250317_125803.wav,Audio_Moth_1,low,0.4051243364810943,0.0,0.0,audio/Audio_Moth_1_low_Audio_Moth_1_20250317_125803.wav,spectrograms/Audio_Moth_1_low_Audio_Moth_1_20250317_125803.png,faint-bird,
Audio_Moth_1_20250321_031136.wav,Audio_Moth_1,low,0.3912919759750366,0.0,0.0,audio/Audio_Moth_1_low_Audio_Moth_1_20250321_031136.wav,spectrograms/Audio_Moth_1_low_Audio_Moth_1_20250321_031136.png,faint-bird,
Audio_Moth_1_20250318_042557.wav,Audio_Moth_1,low,0.3864986300468445,0.0,0.0,audio/Audio_Moth_1_low_Audio_Moth_1_20250318_042557.wav,spectrograms/Audio_Moth_1_low_Audio_Moth_1_20250318_042557.png,faint-bird,
Audio_Moth_1_20250321_020618.wav,Audio_Moth_1,low,0.3641141057014465,0.0,0.0,audio/Audio_Moth_1_low_Audio_Moth_1_20250321_020618.wav,spectrograms/Audio_Moth_1_low_Audio_Moth_1_20250321_020618.png,faint-bird,
Audio_Moth_1_20250320_145706.wav,Audio_Moth_1,low,0.3445056974887848,0.0,0.0,audio/Audio_Moth_1_low_Audio_Moth_1_20250320_145706.wav,spectrograms/Audio_Moth_1_low_Audio_Moth_1_20250320_145706.png,insects,
Audio_Moth_1_20250318_151951.wav,Audio_Moth_1,low,0.3418705761432647,0.0,0.0,audio/Audio_Moth_1_low_Audio_Moth_1_20250318_151951.wav,spectrograms/Audio_Moth_1_low_Audio_Moth_1_20250318_151951.png,faint-bird,
Audio_Moth_1_20250320_042309.wav,Audio_Moth_1,low,0.321397989988327,0.2571358,0.0,audio/Audio_Moth_1_low_Audio_Moth_1_20250320_042309.wav,spectrograms/Audio_Moth_1_low_Audio_Moth_1_20250320_042309.png,faint-bird,
Audio_Moth_1_20250318_171815.wav,Audio_Moth_1,low,0.3176276683807373,0.0,0.0,audio/Audio_Moth_1_low_Audio_Moth_1_20250318_171815.wav,spectrograms/Audio_Moth_1_low_Audio_Moth_1_20250318_171815.png,faint-bird,
Audio_Moth_2_20250319_065258.wav,Audio_Moth_2,low,0.4719241857528686,0.0,0.0,audio/Audio_Moth_2_low_Audio_Moth_2_20250319_065258.wav,spectrograms/Audio_Moth_2_low_Audio_Moth_2_20250319_065258.png,insects,
Audio_Moth_2_20250318_013008.wav,Audio_Moth_2,low,0.4683118462562561,0.0,0.0,audio/Audio_Moth_2_low_Audio_Moth_2_20250318_013008.wav,spectrograms/Audio_Moth_2_low_Audio_Moth_2_20250318_013008.png,faint-bird,
Audio_Moth_2_20250318_005214.wav,Audio_Moth_2,low,0.4525814354419708,0.0,0.0,audio/Audio_Moth_2_low_Audio_Moth_2_20250318_005214.wav,spectrograms/Audio_Moth_2_low_Audio_Moth_2_20250318_005214.png,faint-bird,
Audio_Moth_2_20250318_205732.wav,Audio_Moth_2,low,0.4459578096866607,0.0,0.0,audio/Audio_Moth_2_low_Audio_Moth_2_20250318_205732.wav,spectrograms/Audio_Moth_2_low_Audio_Moth_2_20250318_205732.png,insects,
Audio_Moth_2_20250318_032423.wav,Audio_Moth_2,low,0.4172049462795257,0.0,0.0,audio/Audio_Moth_2_low_Audio_Moth_2_20250318_032423.wav,spectrograms/Audio_Moth_2_low_Audio_Moth_2_20250318_032423.png,faint-bird,
Audio_Moth_2_20250320_232550.wav,Audio_Moth_2,low,0.4109196662902832,0.0,0.0,audio/Audio_Moth_2_low_Audio_Moth_2_20250320_232550.wav,spectrograms/Audio_Moth_2_low_Audio_Moth_2_20250320_232550.png,insects,
Audio_Moth_2_20250318_204947.wav,Audio_Moth_2,low,0.4105740189552307,0.0,0.0,audio/Audio_Moth_2_low_Audio_Moth_2_20250318_204947.wav,spectrograms/Audio_Moth_2_low_Audio_Moth_2_20250318_204947.png,insects,
Audio_Moth_2_20250321_040441.wav,Audio_Moth_2,low,0.4075531959533691,0.29628322,0.0,audio/Audio_Moth_2_low_Audio_Moth_2_20250321_040441.wav,spectrograms/Audio_Moth_2_low_Audio_Moth_2_20250321_040441.png,faint-bird,
Audio_Moth_2_20250317_195302.wav,Audio_Moth_2,low,0.3987963497638702,0.0,0.0,audio/Audio_Moth_2_low_Audio_Moth_2_20250317_195302.wav,spectrograms/Audio_Moth_2_low_Audio_Moth_2_20250317_195302.png,faint-bird,
Audio_Moth_2_20250321_003735.wav,Audio_Moth_2,low,0.3962010443210602,0.0,0.0,audio/Audio_Moth_2_low_Audio_Moth_2_20250321_003735.wav,spectrograms/Audio_Moth_2_low_Audio_Moth_2_20250321_003735.png,faint-bird,
Audio_Moth_2_20250318_051814.wav,Audio_Moth_2,low,0.3952194154262543,0.0,0.0,audio/Audio_Moth_2_low_Audio_Moth_2_20250318_051814.wav,spectrograms/Audio_Moth_2_low_Audio_Moth_2_20250318_051814.png,faint-bird,
Audio_Moth_2_20250318_222826.wav,Audio_Moth_2,low,0.378457248210907,0.0,0.0,audio/Audio_Moth_2_low_Audio_Moth_2_20250318_222826.wav,spectrograms/Audio_Moth_2_low_Audio_Moth_2_20250318_222826.png,insects,
Audio_Moth_2_20250318_040456.wav,Audio_Moth_2,low,0.3676516115665436,0.25661218,0.0,audio/Audio_Moth_2_low_Audio_Moth_2_20250318_040456.wav,spectrograms/Audio_Moth_2_low_Audio_Moth_2_20250318_040456.png,faint-bird,
Audio_Moth_2_20250320_164941.wav,Audio_Moth_2,low,0.3083690702915191,0.0,0.0,audio/Audio_Moth_2_low_Audio_Moth_2_20250320_164941.wav,spectrograms/Audio_Moth_2_low_Audio_Moth_2_20250320_164941.png,insects,
Audio_Moth_2_20250321_021805.wav,Audio_Moth_2,low,0.3079984784126282,0.0,0.0,audio/Audio_Moth_2_low_Audio_Moth_2_20250321_021805.wav,spectrograms/Audio_Moth_2_low_Audio_Moth_2_20250321_021805.png,faint-bird,
Audio_Moth_3_20250321_032756.wav,Audio_Moth_3,low,0.4847559034824371,0.0,0.0,audio/Audio_Moth_3_low_Audio_Moth_3_20250321_032756.wav,spectrograms/Audio_Moth_3_low_Audio_Moth_3_20250321_032756.png,faint-bird,
Audio_Moth_3_20250320_195941.wav,Audio_Moth_3,low,0.4821544587612152,0.0,0.0,audio/Audio_Moth_3_low_Audio_Moth_3_20250320_195941.wav,spectrograms/Audio_Moth_3_low_Audio_Moth_3_20250320_195941.png,insects,
Audio_Moth_3_20250320_190829.wav,Audio_Moth_3,low,0.458847165107727,0.0,0.0,audio/Audio_Moth_3_low_Audio_Moth_3_20250320_190829.wav,spectrograms/Audio_Moth_3_low_Audio_Moth_3_20250320_190829.png,insects,
Audio_Moth_3_20250321_030238.wav,Audio_Moth_3,low,0.4529497623443603,0.0,0.0,audio/Audio_Moth_3_low_Audio_Moth_3_20250321_030238.wav,spectrograms/Audio_Moth_3_low_Audio_Moth_3_20250321_030238.png,faint-bird,
Audio_Moth_3_20250321_002620.wav,Audio_Moth_3,low,0.4108075499534607,0.0,0.0,audio/Audio_Moth_3_low_Audio_Moth_3_20250321_002620.wav,spectrograms/Audio_Moth_3_low_Audio_Moth_3_20250321_002620.png,insects,
Audio_Moth_3_20250320_173634.wav,Audio_Moth_3,low,0.4096915423870086,0.0,0.0,audio/Audio_Moth_3_low_Audio_Moth_3_20250320_173634.wav,spectrograms/Audio_Moth_3_low_Audio_Moth_3_20250320_173634.png,faint-bird,
Audio_Moth_3_20250320_201341.wav,Audio_Moth_3,low,0.4056817293167114,0.0,0.0,audio/Audio_Moth_3_low_Audio_Moth_3_20250320_201341.wav,spectrograms/Audio_Moth_3_low_Audio_Moth_3_20250320_201341.png,insects,
Audio_Moth_3_20250320_201620.wav,Audio_Moth_3,low,0.398011177778244,0.0,0.0,audio/Audio_Moth_3_low_Audio_Moth_3_20250320_201620.wav,spectrograms/Audio_Moth_3_low_Audio_Moth_3_20250320_201620.png,insects,
Audio_Moth_3_20250320_221702.wav,Audio_Moth_3,low,0.3962216377258301,0.0,0.0,audio/Audio_Moth_3_low_Audio_Moth_3_20250320_221702.wav,spectrograms/Audio_Moth_3_low_Audio_Moth_3_20250320_221702.png,faint-bird,
Audio_Moth_3_20250321_030956.wav,Audio_Moth_3,low,0.3913115859031677,0.0,0.0,audio/Audio_Moth_3_low_Audio_Moth_3_20250321_030956.wav,spectrograms/Audio_Moth_3_low_Audio_Moth_3_20250321_030956.png,faint-bird,
Audio_Moth_3_20250320_034359.wav,Audio_Moth_3,low,0.379319280385971,0.0,0.0,audio/Audio_Moth_3_low_Audio_Moth_3_20250320_034359.wav,spectrograms/Audio_Moth_3_low_Audio_Moth_3_20250320_034359.png,faint-bird,
Audio_Moth_3_20250321_015753.wav,Audio_Moth_3,low,0.3508951663970947,0.0,0.0,audio/Audio_Moth_3_low_Audio_Moth_3_20250321_015753.wav,spectrograms/Audio_Moth_3_low_Audio_Moth_3_20250321_015753.png,faint-bird,
Audio_Moth_3_20250320_040638.wav,Audio_Moth_3,low,0.3392904102802276,0.0,0.0,audio/Audio_Moth_3_low_Audio_Moth_3_20250320_040638.wav,spectrograms/Audio_Moth_3_low_Audio_Moth_3_20250320_040638.png,faint-bird,
Audio_Moth_3_20250320_201256.wav,Audio_Moth_3,low,0.3267454206943512,0.0,0.0,audio/Audio_Moth_3_low_Audio_Moth_3_20250320_201256.wav,spectrograms/Audio_Moth_3_low_Audio_Moth_3_20250320_201256.png,insects,
Audio_Moth_3_20250319_191711.wav,Audio_Moth_3,low,0.3023784458637237,0.0,0.0,audio/Audio_Moth_3_low_Audio_Moth_3_20250319_191711.wav,spectrograms/Audio_Moth_3_low_Audio_Moth_3_20250319_191711.png,insects,
Audio_Moth_4_20250320_020831.wav,Audio_Moth_4,low,0.4876807332038879,0.0,0.0,audio/Audio_Moth_4_low_Audio_Moth_4_20250320_020831.wav,spectrograms/Audio_Moth_4_low_Audio_Moth_4_20250320_020831.png,faint-bird,
Audio_Moth_4_20250321_043224.wav,Audio_Moth_4,low,0.4793063700199127,0.0,0.0,audio/Audio_Moth_4_low_Audio_Moth_4_20250321_043224.wav,spectrograms/Audio_Moth_4_low_Audio_Moth_4_20250321_043224.png,faint-bird,
Audio_Moth_4_20250320_023325.wav,Audio_Moth_4,low,0.4615089893341064,0.0,0.0,audio/Audio_Moth_4_low_Audio_Moth_4_20250320_023325.wav,spectrograms/Audio_Moth_4_low_Audio_Moth_4_20250320_023325.png,faint-bird,
Audio_Moth_4_20250319_223125.wav,Audio_Moth_4,low,0.4451634883880615,0.0,0.0,audio/Audio_Moth_4_low_Audio_Moth_4_20250319_223125.wav,spectrograms/Audio_Moth_4_low_Audio_Moth_4_20250319_223125.png,faint-bird,
Audio_Moth_4_20250317_200823.wav,Audio_Moth_4,low,0.444621592760086,0.0,0.0,audio/Audio_Moth_4_low_Audio_Moth_4_20250317_200823.wav,spectrograms/Audio_Moth_4_low_Audio_Moth_4_20250317_200823.png,faint-bird,
Audio_Moth_4_20250318_232915.wav,Audio_Moth_4,low,0.4386143386363983,0.0,0.0,audio/Audio_Moth_4_low_Audio_Moth_4_20250318_232915.wav,spectrograms/Audio_Moth_4_low_Audio_Moth_4_20250318_232915.png,faint-bird,
Audio_Moth_4_20250320_211957.wav,Audio_Moth_4,low,0.4126106798648834,0.0,0.0,audio/Audio_Moth_4_low_Audio_Moth_4_20250320_211957.wav,spectrograms/Audio_Moth_4_low_Audio_Moth_4_20250320_211957.png,faint-bird,
Audio_Moth_4_20250318_235003.wav,Audio_Moth_4,low,0.3990134298801422,0.0,0.0,audio/Audio_Moth_4_low_Audio_Moth_4_20250318_235003.wav,spectrograms/Audio_Moth_4_low_Audio_Moth_4_20250318_235003.png,insects,
Audio_Moth_4_20250318_034550.wav,Audio_Moth_4,low,0.3848683834075928,0.0,0.0,audio/Audio_Moth_4_low_Audio_Moth_4_20250318_034550.wav,spectrograms/Audio_Moth_4_low_Audio_Moth_4_20250318_034550.png,faint-bird,
Audio_Moth_4_20250318_222409.wav,Audio_Moth_4,low,0.3779779374599457,0.0,0.0,audio/Audio_Moth_4_low_Audio_Moth_4_20250318_222409.wav,spectrograms/Audio_Moth_4_low_Audio_Moth_4_20250318_222409.png,faint-bird,
Audio_Moth_4_20250320_002537.wav,Audio_Moth_4,low,0.3603873550891876,0.0,0.0,audio/Audio_Moth_4_low_Audio_Moth_4_20250320_002537.wav,spectrograms/Audio_Moth_4_low_Audio_Moth_4_20250320_002537.png,faint-bird,
Audio_Moth_4_20250321_050030.wav,Audio_Moth_4,low,0.3473525941371918,0.0,0.0,audio/Audio_Moth_4_low_Audio_Moth_4_20250321_050030.wav,spectrograms/Audio_Moth_4_low_Audio_Moth_4_20250321_050030.png,faint-bird,
Audio_Moth_4_20250321_030306.wav,Audio_Moth_4,low,0.3435336947441101,0.0,0.0,audio/Audio_Moth_4_low_Audio_Moth_4_20250321_030306.wav,spectrograms/Audio_Moth_4_low_Audio_Moth_4_20250321_030306.png,faint-bird,
Audio_Moth_4_20250321_051236.wav,Audio_Moth_4,low,0.3044799864292145,0.0,0.0,audio/Audio_Moth_4_low_Audio_Moth_4_20250321_051236.wav,spectrograms/Audio_Moth_4_low_Audio_Moth_4_20250321_051236.png,faint-bird,
Audio_Moth_4_20250320_223806.wav,Audio_Moth_4,low,0.3026266396045685,0.0,0.0,audio/Audio_Moth_4_low_Audio_Moth_4_20250320_223806.wav,spectrograms/Audio_Moth_4_low_Audio_Moth_4_20250320_223806.png,insects,
Audio_Moth_5_20250321_044306.wav,Audio_Moth_5,low,0.495622307062149,0.0,0.0,audio/Audio_Moth_5_low_Audio_Moth_5_20250321_044306.wav,spectrograms/Audio_Moth_5_low_Audio_Moth_5_20250321_044306.png,faint-bird,
Audio_Moth_5_20250321_044903.wav,Audio_Moth_5,low,0.4916600883007049,0.0,0.0,audio/Audio_Moth_5_low_Audio_Moth_5_20250321_044903.wav,spectrograms/Audio_Moth_5_low_Audio_Moth_5_20250321_044903.png,faint-bird,
Audio_Moth_5_20250320_032202.wav,Audio_Moth_5,low,0.4897060096263885,0.29150534,0.0,audio/Audio_Moth_5_low_Audio_Moth_5_20250320_032202.wav,spectrograms/Audio_Moth_5_low_Audio_Moth_5_20250320_032202.png,faint-bird,
Audio_Moth_5_20250319_230329.wav,Audio_Moth_5,low,0.486833244562149,0.0,0.0,audio/Audio_Moth_5_low_Audio_Moth_5_20250319_230329.wav,spectrograms/Audio_Moth_5_low_Audio_Moth_5_20250319_230329.png,faint-bird,
Audio_Moth_5_20250319_171722.wav,Audio_Moth_5,low,0.4852991700172424,0.0,0.0,audio/Audio_Moth_5_low_Audio_Moth_5_20250319_171722.wav,spectrograms/Audio_Moth_5_low_Audio_Moth_5_20250319_171722.png,faint-bird,
Audio_Moth_5_20250320_030105.wav,Audio_Moth_5,low,0.4734814167022705,0.0,0.0,audio/Audio_Moth_5_low_Audio_Moth_5_20250320_030105.wav,spectrograms/Audio_Moth_5_low_Audio_Moth_5_20250320_030105.png,insects,
Audio_Moth_5_20250319_012336.wav,Audio_Moth_5,low,0.4487238228321075,0.0,0.0,audio/Audio_Moth_5_low_Audio_Moth_5_20250319_012336.wav,spectrograms/Audio_Moth_5_low_Audio_Moth_5_20250319_012336.png,insects,
Audio_Moth_5_20250318_043408.wav,Audio_Moth_5,low,0.4391944110393524,0.0,0.0,audio/Audio_Moth_5_low_Audio_Moth_5_20250318_043408.wav,spectrograms/Audio_Moth_5_low_Audio_Moth_5_20250318_043408.png,faint-bird,
Audio_Moth_5_20250318_142640.wav,Audio_Moth_5,low,0.4308381378650665,0.0,0.0,audio/Audio_Moth_5_low_Audio_Moth_5_20250318_142640.wav,spectrograms/Audio_Moth_5_low_Audio_Moth_5_20250318_142640.png,faint-bird,
Audio_Moth_5_20250318_174758.wav,Audio_Moth_5,low,0.4079991579055786,0.0,0.0,audio/Audio_Moth_5_low_Audio_Moth_5_20250318_174758.wav,spectrograms/Audio_Moth_5_low_Audio_Moth_5_20250318_174758.png,insects,
Audio_Moth_5_20250318_213000.wav,Audio_Moth_5,low,0.3979679048061371,0.0,0.0,audio/Audio_Moth_5_low_Audio_Moth_5_20250318_213000.wav,spectrograms/Audio_Moth_5_low_Audio_Moth_5_20250318_213000.png,insects,
Audio_Moth_5_20250317_193405.wav,Audio_Moth_5,low,0.3874241411685943,0.0,0.0,audio/Audio_Moth_5_low_Audio_Moth_5_20250317_193405.wav,spectrograms/Audio_Moth_5_low_Audio_Moth_5_20250317_193405.png,insects,
Audio_Moth_5_20250319_214117.wav,Audio_Moth_5,low,0.3739795088768005,0.0,0.0,audio/Audio_Moth_5_low_Audio_Moth_5_20250319_214117.wav,spectrograms/Audio_Moth_5_low_Audio_Moth_5_20250319_214117.png,faint-bird,
Audio_Moth_5_20250320_195630.wav,Audio_Moth_5,low,0.3608000874519348,0.0,0.0,audio/Audio_Moth_5_low_Audio_Moth_5_20250320_195630.wav,spectrograms/Audio_Moth_5_low_Audio_Moth_5_20250320_195630.png,insects,
Audio_Moth_5_20250319_051251.wav,Audio_Moth_5,low,0.3328676521778106,0.0,0.0,audio/Audio_Moth_5_low_Audio_Moth_5_20250319_051251.wav,spectrograms/Audio_Moth_5_low_Audio_Moth_5_20250319_051251.png,faint-bird,
Audio_Moth_6_20250320_214908.wav,Audio_Moth_6,low,0.4965051114559173,0.0,0.0,audio/Audio_Moth_6_low_Audio_Moth_6_20250320_214908.wav,spectrograms/Audio_Moth_6_low_Audio_Moth_6_20250320_214908.png,insects,
Audio_Moth_6_20250321_044508.wav,Audio_Moth_6,low,0.4862572252750397,0.0,0.0,audio/Audio_Moth_6_low_Audio_Moth_6_20250321_044508.wav,spectrograms/Audio_Moth_6_low_Audio_Moth_6_20250321_044508.png,faint-bird,
Audio_Moth_6_20250320_005835.wav,Audio_Moth_6,low,0.4850290715694427,0.0,0.0,audio/Audio_Moth_6_low_Audio_Moth_6_20250320_005835.wav,spectrograms/Audio_Moth_6_low_Audio_Moth_6_20250320_005835.png,insects,
Audio_Moth_6_20250320_161805.wav,Audio_Moth_6,low,0.4814226031303406,0.0,0.0,audio/Audio_Moth_6_low_Audio_Moth_6_20250320_161805.wav,spectrograms/Audio_Moth_6_low_Audio_Moth_6_20250320_161805.png,faint-bird,
Audio_Moth_6_20250319_040047.wav,Audio_Moth_6,low,0.4689477086067199,0.0,0.0,audio/Audio_Moth_6_low_Audio_Moth_6_20250319_040047.wav,spectrograms/Audio_Moth_6_low_Audio_Moth_6_20250319_040047.png,insects,
Audio_Moth_6_20250320_184811.wav,Audio_Moth_6,low,0.4663678109645843,0.0,0.0,audio/Audio_Moth_6_low_Audio_Moth_6_20250320_184811.wav,spectrograms/Audio_Moth_6_low_Audio_Moth_6_20250320_184811.png,insects,
Audio_Moth_6_20250317_184156.wav,Audio_Moth_6,low,0.446604311466217,0.0,0.0,audio/Audio_Moth_6_low_Audio_Moth_6_20250317_184156.wav,spectrograms/Audio_Moth_6_low_Audio_Moth_6_20250317_184156.png,faint-bird,
Audio_Moth_6_20250320_212526.wav,Audio_Moth_6,low,0.4361939430236816,0.0,0.0,audio/Audio_Moth_6_low_Audio_Moth_6_20250320_212526.wav,spectrograms/Audio_Moth_6_low_Audio_Moth_6_20250320_212526.png,insects,
Audio_Moth_6_20250320_202350.wav,Audio_Moth_6,low,0.4082244634628296,0.0,0.0,audio/Audio_Moth_6_low_Audio_Moth_6_20250320_202350.wav,spectrograms/Audio_Moth_6_low_Audio_Moth_6_20250320_202350.png,insects,
Audio_Moth_6_20250321_015929.wav,Audio_Moth_6,low,0.4067970812320709,0.0,0.0,audio/Audio_Moth_6_low_Audio_Moth_6_20250321_015929.wav,spectrograms/Audio_Moth_6_low_Audio_Moth_6_20250321_015929.png,faint-bird,
Audio_Moth_6_20250320_182417.wav,Audio_Moth_6,low,0.3707307875156402,0.0,0.0,audio/Audio_Moth_6_low_Audio_Moth_6_20250320_182417.wav,spectrograms/Audio_Moth_6_low_Audio_Moth_6_20250320_182417.png,insects,
Audio_Moth_6_20250319_235932.wav,Audio_Moth_6,low,0.360057383775711,0.0,0.0,audio/Audio_Moth_6_low_Audio_Moth_6_20250319_235932.wav,spectrograms/Audio_Moth_6_low_Audio_Moth_6_20250319_235932.png,faint-bird,
Audio_Moth_6_20250319_232432.wav,Audio_Moth_6,low,0.3432310819625854,0.0,0.0,audio/Audio_Moth_6_low_Audio_Moth_6_20250319_232432.wav,spectrograms/Audio_Moth_6_low_Audio_Moth_6_20250319_232432.png,insects,
Audio_Moth_6_20250318_005808.wav,Audio_Moth_6,low,0.3389677405357361,0.0,0.0,audio/Audio_Moth_6_low_Audio_Moth_6_20250318_005808.wav,spectrograms/Audio_Moth_6_low_Audio_Moth_6_20250318_005808.png,faint-bird,
Audio_Moth_6_20250317_184120.wav,Audio_Moth_6,low,0.3333643972873688,0.0,0.0,audio/Audio_Moth_6_low_Audio_Moth_6_20250317_184120.wav,spectrograms/Audio_Moth_6_low_Audio_Moth_6_20250317_184120.png,insects,
